, , ,,,,
, , ,,,,
dishank, , ,,,,
, , , , , ,  
, , , , , ,  
dishank, dishank@fusioncharts.com, , , male, Football,9836488671
, , , , , , 
dishank, dishank@fusioncharts.com, , , male, Football,9836488671
, , , , , , 
dishank, dishank@fusioncharts.com, , , male, Football,9836488671
, , , , , , 
, , , , , , 
dishank, , , , , , 
, , , , , , 
dishank, dishank@fusioncharts.com, , , male, Football,9836488671
, , , , , , 
dishank, dishank@fusioncharts.com, , , male, Football,9836488671
, , , , , , 
, , , , , , 
disjnajk, , , , , , 
, , , , , , 
serfwer, , , , , , 
, , , , , , 
, , , , , , 
, , , , , , 
guyj, , , , , , 
, , , , , , 
, , , , , , 
sefres, , , , , , 
, , , , , , 
sefres, , , , , , 
sefres, , , , , , 
, , , , , , 
dishank, dishank@fusioncharts.com, , , , ,9836488671
dishank, dishank@fusioncharts.com, , , , ,9836488671
dishank, dishank@fusioncharts.com, , , , ,9836488671
, , , , , , 
, , , , , , 
, , , , male, , 
, , , , , , 
, , , , , , 
, , , , , , 
, , , , , , 
, , , , , , 
, , , , , , 
, dishank@fusioncharts.com, , , , , 
, , , , , , 
dishank, , , , , , 
dishank, , , , , , 
, , , , , , 
, , , , , , 
, , , , , , 
, , , , , , 
, , , , , , 
, , , , , , 
, , , , , , 
, , , , , , 
, , , , , , 
, , , , , , 
, , , , , , 
, , , , , , 
, , , , , , 
, , , , , , 
dsdsd, sdsd@gfsg.com, , ddd, male, , 9836486715
, , , , , , 
, , , , , , 
, , , , , , 
dishank, dishank@fusioncharts.com, , dddd, male, , 9836488671
, , , , , , 
, , , , , , 
, , , , , , 
, , , , , , 
, , , , , , 
, , , , , , 
, , India, , , , 
, , , , , , 
, , , , , , 
, , , , , , 
, , , , , , 
, , , , , , 
, , , , , , 
, , , , , , 
, , , , , , 
, , India, , , , 
, , , , , , 
, , India, , , , 
, , , , , , 
, , US, , , , 
, , , , , , 
, , India, , , , 
, , , , , , 
, , , , , , 
, , , , , , 
, , India, , , , 
, , , , , , 
, , , , , , 
, , , , , , 
, , , , , Football, 
, , , , , , 
, , , , , , 
, , , , , , 
, , , , , Football, 
, , , , , , 
, , , , , , 
, , , , , , 
, , , , , , 
, , , , , , 
, , , , , , 
, , , , , , 
, , , sdfsf, , , 
